ds_ind_id,cluster_id
1,bundle-000001
2,bundle-000001
3,bundle-000001
4,bundle-000001
5,bundle-000001
6,bundle-000001
7,bundle-000001
8,bundle-000001
1000,bundle-000002
1001,bundle-000002
1002,bundle-000002
1003,bundle-000002
1004,bundle-000002
1005,bundle-000002
1011,bundle-000002
1032,bundle-000002
1033,bundle-000002
1034,bundle-000002
1035,bundle-000002
1036,bundle-000002
1037,bundle-000002
1041,bundle-000002
1042,bundle-000002
1043,bundle-000002
1044,bundle-000002
1045,bundle-000002
1046,bundle-000002
1050,bundle-000002
1051,bundle-000002
1052,bundle-000002
1053,bundle-000002
1054,bundle-000002
1055,bundle-000002
1056,bundle-000002
1057,bundle-000002
1058,bundle-000002
1059,bundle-000002
1060,bundle-000002
1061,bundle-000002
1062,bundle-000002
1063,bundle-000002
1064,bundle-000002
1065,bundle-000002
1066,bundle-000002
1067,bundle-000002
1068,bundle-000002
1069,bundle-000002
1070,bundle-000002
1071,bundle-000002
1072,bundle-000002
1073,bundle-000002
1074,bundle-000002
1075,bundle-000002
1076,bundle-000002
1077,bundle-000002
1078,bundle-000002
1079,bundle-000002
1080,bundle-000002
1081,bundle-000002
1082,bundle-000002
1083,bundle-000002
1084,bundle-000002
1085,bundle-000002
1086,bundle-000002
1087,bundle-000002
1088,bundle-000002
1089,bundle-000002
1090,bundle-000002
1091,bundle-000002
1092,bundle-000002
1093,bundle-000002
1094,bundle-000002
1095,bundle-000002
1096,bundle-000002
1097,bundle-000002
1098,bundle-000002
1099,bundle-000002
1100,bundle-000002
1101,bundle-000002
1102,bundle-000002
1103,bundle-000002
1104,bundle-000002
1105,bundle-000002
1106,bundle-000002
1107,bundle-000002
1108,bundle-000002
1109,bundle-000002
1110,bundle-000002
1111,bundle-000002
1367,bundle-000002
1368,bundle-000002
1369,bundle-000002
1370,bundle-000002
1371,bundle-000002
1372,bundle-000002
1373,bundle-000002
1374,bundle-000002
1375,bundle-000002
1376,bundle-000002
1377,bundle-000002
1378,bundle-000002
1379,bundle-000002
1380,bundle-000002
1381,bundle-000002
1382,bundle-000002
1383,bundle-000002
1384,bundle-000002
1385,bundle-000002
1386,bundle-000002
1387,bundle-000002
1388,bundle-000002
1389,bundle-000002
1390,bundle-000002
1391,bundle-000002
1392,bundle-000002
1393,bundle-000002
1394,bundle-000002
1395,bundle-000002
1396,bundle-000002
1397,bundle-000002
1398,bundle-000002
1399,bundle-000002
1400,bundle-000002
1401,bundle-000002
1402,bundle-000002
1403,bundle-000002
1404,bundle-000002
1405,bundle-000002
1406,bundle-000002
1407,bundle-000002
1408,bundle-000002
1409,bundle-000002
1410,bundle-000002
1411,bundle-000002
1412,bundle-000002
1413,bundle-000002
1415,bundle-000002
1489,bundle-000002
1497,bundle-000002
1498,bundle-000002
1499,bundle-000002
1500,bundle-000002
1501,bundle-000002
1502,bundle-000002
1503,bundle-000002
1504,bundle-000002
1505,bundle-000002
1506,bundle-000002
1507,bundle-000002
1508,bundle-000002
1509,bundle-000002
1510,bundle-000002
1511,bundle-000002
1512,bundle-000002
1513,bundle-000002
1514,bundle-000002
1515,bundle-000002
1516,bundle-000002
1517,bundle-000002
1518,bundle-000002
1519,bundle-000002
1520,bundle-000002
1521,bundle-000002
1522,bundle-000002
1523,bundle-000002
1524,bundle-000002
1525,bundle-000002
1526,bundle-000002
1527,bundle-000002
1528,bundle-000002
1529,bundle-000002
1530,bundle-000002
1531,bundle-000002
1532,bundle-000002
1533,bundle-000002
1534,bundle-000002
1535,bundle-000002
1536,bundle-000002
1537,bundle-000002
1538,bundle-000002
1539,bundle-000002
1540,bundle-000002
1541,bundle-000002
1542,bundle-000002
1543,bundle-000002
1544,bundle-000002
1545,bundle-000002
1546,bundle-000002
1547,bundle-000002
1548,bundle-000002
1549,bundle-000002
1550,bundle-000002
1551,bundle-000002
1552,bundle-000002
1553,bundle-000002
1554,bundle-000002
1555,bundle-000002
1556,bundle-000002
1557,bundle-000002
1558,bundle-000002
1559,bundle-000002
1560,bundle-000002
1561,bundle-000002
1562,bundle-000002
1563,bundle-000002
1564,bundle-000002
1565,bundle-000002
1566,bundle-000002
1567,bundle-000002
1568,bundle-000002
1569,bundle-000002
1570,bundle-000002
1571,bundle-000002
1572,bundle-000002
1573,bundle-000002
1574,bundle-000002
1575,bundle-000002
1576,bundle-000002
1577,bundle-000002
1578,bundle-000002
1579,bundle-000002
1580,bundle-000002
1581,bundle-000002
1582,bundle-000002
1583,bundle-000002
1584,bundle-000002
1585,bundle-000002
1586,bundle-000002
1587,bundle-000002
1588,bundle-000002
1628,bundle-000002
1853,bundle-000002
554,bundle-000002
555,bundle-000002
556,bundle-000002
557,bundle-000002
558,bundle-000002
559,bundle-000002
560,bundle-000002
561,bundle-000002
562,bundle-000002
563,bundle-000002
564,bundle-000002
565,bundle-000002
566,bundle-000002
567,bundle-000002
568,bundle-000002
569,bundle-000002
570,bundle-000002
571,bundle-000002
572,bundle-000002
573,bundle-000002
574,bundle-000002
575,bundle-000002
576,bundle-000002
577,bundle-000002
578,bundle-000002
579,bundle-000002
580,bundle-000002
581,bundle-000002
582,bundle-000002
583,bundle-000002
584,bundle-000002
585,bundle-000002
586,bundle-000002
587,bundle-000002
588,bundle-000002
589,bundle-000002
590,bundle-000002
591,bundle-000002
592,bundle-000002
593,bundle-000002
594,bundle-000002
595,bundle-000002
596,bundle-000002
597,bundle-000002
598,bundle-000002
599,bundle-000002
600,bundle-000002
601,bundle-000002
602,bundle-000002
603,bundle-000002
604,bundle-000002
605,bundle-000002
606,bundle-000002
607,bundle-000002
608,bundle-000002
609,bundle-000002
610,bundle-000002
611,bundle-000002
612,bundle-000002
613,bundle-000002
614,bundle-000002
615,bundle-000002
616,bundle-000002
617,bundle-000002
618,bundle-000002
619,bundle-000002
620,bundle-000002
621,bundle-000002
622,bundle-000002
623,bundle-000002
624,bundle-000002
625,bundle-000002
626,bundle-000002
627,bundle-000002
628,bundle-000002
629,bundle-000002
630,bundle-000002
631,bundle-000002
632,bundle-000002
633,bundle-000002
634,bundle-000002
635,bundle-000002
636,bundle-000002
637,bundle-000002
638,bundle-000002
639,bundle-000002
640,bundle-000002
641,bundle-000002
642,bundle-000002
643,bundle-000002
644,bundle-000002
645,bundle-000002
646,bundle-000002
647,bundle-000002
648,bundle-000002
649,bundle-000002
650,bundle-000002
651,bundle-000002
652,bundle-000002
653,bundle-000002
654,bundle-000002
655,bundle-000002
656,bundle-000002
657,bundle-000002
658,bundle-000002
659,bundle-000002
660,bundle-000002
661,bundle-000002
662,bundle-000002
663,bundle-000002
664,bundle-000002
665,bundle-000002
666,bundle-000002
667,bundle-000002
668,bundle-000002
669,bundle-000002
670,bundle-000002
671,bundle-000002
672,bundle-000002
673,bundle-000002
674,bundle-000002
675,bundle-000002
676,bundle-000002
677,bundle-000002
678,bundle-000002
679,bundle-000002
680,bundle-000002
681,bundle-000002
682,bundle-000002
683,bundle-000002
684,bundle-000002
685,bundle-000002
686,bundle-000002
687,bundle-000002
688,bundle-000002
689,bundle-000002
690,bundle-000002
691,bundle-000002
692,bundle-000002
693,bundle-000002
694,bundle-000002
695,bundle-000002
696,bundle-000002
697,bundle-000002
698,bundle-000002
699,bundle-000002
700,bundle-000002
701,bundle-000002
785,bundle-000002
795,bundle-000002
796,bundle-000002
797,bundle-000002
798,bundle-000002
799,bundle-000002
800,bundle-000002
801,bundle-000002
802,bundle-000002
803,bundle-000002
804,bundle-000002
805,bundle-000002
806,bundle-000002
807,bundle-000002
808,bundle-000002
809,bundle-000002
810,bundle-000002
811,bundle-000002
812,bundle-000002
813,bundle-000002
814,bundle-000002
815,bundle-000002
816,bundle-000002
817,bundle-000002
818,bundle-000002
819,bundle-000002
820,bundle-000002
821,bundle-000002
822,bundle-000002
823,bundle-000002
824,bundle-000002
825,bundle-000002
826,bundle-000002
827,bundle-000002
828,bundle-000002
829,bundle-000002
830,bundle-000002
831,bundle-000002
832,bundle-000002
833,bundle-000002
834,bundle-000002
835,bundle-000002
836,bundle-000002
837,bundle-000002
838,bundle-000002
839,bundle-000002
840,bundle-000002
841,bundle-000002
842,bundle-000002
843,bundle-000002
844,bundle-000002
845,bundle-000002
846,bundle-000002
847,bundle-000002
848,bundle-000002
849,bundle-000002
890,bundle-000002
891,bundle-000002
892,bundle-000002
893,bundle-000002
894,bundle-000002
895,bundle-000002
896,bundle-000002
897,bundle-000002
898,bundle-000002
899,bundle-000002
900,bundle-000002
901,bundle-000002
902,bundle-000002
903,bundle-000002
904,bundle-000002
905,bundle-000002
906,bundle-000002
907,bundle-000002
908,bundle-000002
909,bundle-000002
910,bundle-000002
911,bundle-000002
912,bundle-000002
913,bundle-000002
914,bundle-000002
915,bundle-000002
916,bundle-000002
917,bundle-000002
918,bundle-000002
919,bundle-000002
920,bundle-000002
921,bundle-000002
922,bundle-000002
923,bundle-000002
924,bundle-000002
925,bundle-000002
926,bundle-000002
927,bundle-000002
928,bundle-000002
929,bundle-000002
930,bundle-000002
931,bundle-000002
932,bundle-000002
933,bundle-000002
934,bundle-000002
935,bundle-000002
936,bundle-000002
937,bundle-000002
938,bundle-000002
939,bundle-000002
940,bundle-000002
941,bundle-000002
942,bundle-000002
943,bundle-000002
944,bundle-000002
945,bundle-000002
946,bundle-000002
947,bundle-000002
948,bundle-000002
949,bundle-000002
950,bundle-000002
951,bundle-000002
952,bundle-000002
953,bundle-000002
954,bundle-000002
955,bundle-000002
956,bundle-000002
957,bundle-000002
958,bundle-000002
959,bundle-000002
960,bundle-000002
961,bundle-000002
962,bundle-000002
963,bundle-000002
964,bundle-000002
965,bundle-000002
966,bundle-000002
967,bundle-000002
968,bundle-000002
969,bundle-000002
970,bundle-000002
971,bundle-000002
972,bundle-000002
973,bundle-000002
974,bundle-000002
975,bundle-000002
976,bundle-000002
977,bundle-000002
978,bundle-000002
979,bundle-000002
980,bundle-000002
981,bundle-000002
982,bundle-000002
983,bundle-000002
984,bundle-000002
985,bundle-000002
986,bundle-000002
987,bundle-000002
988,bundle-000002
989,bundle-000002
990,bundle-000002
991,bundle-000002
992,bundle-000002
995,bundle-000002
996,bundle-000002
997,bundle-000002
998,bundle-000002
999,bundle-000002
1006,bundle-000003
1007,bundle-000003
1008,bundle-000003
1009,bundle-000003
1010,bundle-000003
1012,bundle-000004
734,bundle-000004
1013,bundle-000005
1014,bundle-000005
736,bundle-000005
1015,bundle-000006
1112,bundle-000006
1113,bundle-000006
1114,bundle-000006
1115,bundle-000006
1116,bundle-000006
850,bundle-000006
851,bundle-000006
852,bundle-000006
853,bundle-000006
854,bundle-000006
1016,bundle-000007
1017,bundle-000007
1018,bundle-000007
530,bundle-000007
531,bundle-000007
532,bundle-000007
533,bundle-000007
534,bundle-000007
535,bundle-000007
536,bundle-000007
537,bundle-000007
538,bundle-000007
539,bundle-000007
540,bundle-000007
541,bundle-000007
542,bundle-000007
543,bundle-000007
544,bundle-000007
545,bundle-000007
546,bundle-000007
547,bundle-000007
548,bundle-000007
549,bundle-000007
550,bundle-000007
551,bundle-000007
552,bundle-000007
553,bundle-000007
880,bundle-000007
881,bundle-000007
882,bundle-000007
883,bundle-000007
884,bundle-000007
885,bundle-000007
1019,bundle-000008
1020,bundle-000008
1021,bundle-000008
1022,bundle-000008
737,bundle-000008
738,bundle-000008
739,bundle-000008
740,bundle-000008
741,bundle-000008
742,bundle-000008
743,bundle-000008
744,bundle-000008
745,bundle-000008
746,bundle-000008
747,bundle-000008
748,bundle-000008
749,bundle-000008
750,bundle-000008
751,bundle-000008
752,bundle-000008
753,bundle-000008
754,bundle-000008
755,bundle-000008
756,bundle-000008
757,bundle-000008
758,bundle-000008
759,bundle-000008
760,bundle-000008
761,bundle-000008
762,bundle-000008
763,bundle-000008
764,bundle-000008
765,bundle-000008
766,bundle-000008
767,bundle-000008
768,bundle-000008
769,bundle-000008
770,bundle-000008
771,bundle-000008
772,bundle-000008
773,bundle-000008
776,bundle-000008
777,bundle-000008
778,bundle-000008
779,bundle-000008
886,bundle-000008
887,bundle-000008
888,bundle-000008
889,bundle-000008
1023,bundle-000009
1024,bundle-000009
1025,bundle-000009
1026,bundle-000009
1027,bundle-000009
1028,bundle-000009
1029,bundle-000009
1030,bundle-000009
1031,bundle-000009
781,bundle-000009
782,bundle-000009
783,bundle-000009
784,bundle-000009
1038,bundle-000010
1039,bundle-000010
1040,bundle-000010
104,bundle-000011
105,bundle-000011
106,bundle-000011
1047,bundle-000012
1048,bundle-000012
1049,bundle-000012
107,bundle-000013
108,bundle-000013
109,bundle-000013
110,bundle-000013
111,bundle-000013
112,bundle-000013
113,bundle-000013
114,bundle-000013
115,bundle-000013
116,bundle-000013
117,bundle-000013
118,bundle-000013
119,bundle-000013
120,bundle-000013
121,bundle-000013
122,bundle-000013
123,bundle-000013
124,bundle-000013
125,bundle-000013
126,bundle-000013
127,bundle-000013
128,bundle-000013
129,bundle-000013
130,bundle-000013
131,bundle-000013
132,bundle-000013
133,bundle-000013
134,bundle-000013
135,bundle-000013
136,bundle-000013
137,bundle-000013
138,bundle-000013
139,bundle-000013
140,bundle-000013
141,bundle-000013
142,bundle-000013
143,bundle-000013
144,bundle-000013
145,bundle-000013
146,bundle-000013
147,bundle-000013
148,bundle-000013
149,bundle-000013
150,bundle-000013
151,bundle-000013
152,bundle-000013
153,bundle-000013
154,bundle-000013
155,bundle-000013
156,bundle-000013
157,bundle-000013
158,bundle-000013
159,bundle-000013
160,bundle-000013
161,bundle-000013
162,bundle-000013
163,bundle-000013
164,bundle-000013
165,bundle-000013
166,bundle-000013
167,bundle-000013
168,bundle-000013
169,bundle-000013
170,bundle-000013
171,bundle-000013
172,bundle-000013
173,bundle-000013
174,bundle-000013
175,bundle-000013
176,bundle-000013
177,bundle-000013
178,bundle-000013
179,bundle-000013
180,bundle-000013
181,bundle-000013
182,bundle-000013
183,bundle-000013
184,bundle-000013
185,bundle-000013
186,bundle-000013
187,bundle-000013
188,bundle-000013
189,bundle-000013
190,bundle-000013
191,bundle-000013
192,bundle-000013
193,bundle-000013
194,bundle-000013
195,bundle-000013
196,bundle-000013
197,bundle-000013
198,bundle-000013
199,bundle-000013
200,bundle-000013
201,bundle-000013
202,bundle-000013
203,bundle-000013
204,bundle-000013
205,bundle-000013
206,bundle-000013
207,bundle-000013
208,bundle-000013
209,bundle-000013
210,bundle-000013
211,bundle-000013
212,bundle-000013
213,bundle-000013
214,bundle-000013
215,bundle-000013
216,bundle-000013
217,bundle-000013
218,bundle-000013
219,bundle-000013
220,bundle-000013
221,bundle-000013
222,bundle-000013
223,bundle-000013
224,bundle-000013
225,bundle-000013
226,bundle-000013
227,bundle-000013
228,bundle-000013
229,bundle-000013
230,bundle-000013
231,bundle-000013
232,bundle-000013
233,bundle-000013
234,bundle-000013
235,bundle-000013
236,bundle-000013
237,bundle-000013
238,bundle-000013
239,bundle-000013
240,bundle-000013
241,bundle-000013
242,bundle-000013
243,bundle-000013
244,bundle-000013
245,bundle-000013
246,bundle-000013
247,bundle-000013
248,bundle-000013
249,bundle-000013
250,bundle-000013
251,bundle-000013
252,bundle-000013
253,bundle-000013
254,bundle-000013
255,bundle-000013
256,bundle-000013
257,bundle-000013
258,bundle-000013
259,bundle-000013
260,bundle-000013
261,bundle-000013
262,bundle-000013
263,bundle-000013
264,bundle-000013
265,bundle-000013
266,bundle-000013
267,bundle-000013
268,bundle-000013
269,bundle-000013
270,bundle-000013
271,bundle-000013
272,bundle-000013
273,bundle-000013
274,bundle-000013
275,bundle-000013
276,bundle-000013
277,bundle-000013
278,bundle-000013
279,bundle-000013
280,bundle-000013
281,bundle-000013
282,bundle-000013
283,bundle-000013
284,bundle-000013
285,bundle-000013
286,bundle-000013
287,bundle-000013
288,bundle-000013
289,bundle-000013
290,bundle-000013
291,bundle-000013
292,bundle-000013
293,bundle-000013
294,bundle-000013
295,bundle-000013
296,bundle-000013
297,bundle-000013
298,bundle-000013
299,bundle-000013
300,bundle-000013
301,bundle-000013
302,bundle-000013
303,bundle-000013
304,bundle-000013
305,bundle-000013
306,bundle-000013
307,bundle-000013
308,bundle-000013
309,bundle-000013
310,bundle-000013
311,bundle-000013
312,bundle-000013
313,bundle-000013
314,bundle-000013
315,bundle-000013
316,bundle-000013
317,bundle-000013
318,bundle-000013
319,bundle-000013
320,bundle-000013
321,bundle-000013
322,bundle-000013
323,bundle-000013
324,bundle-000013
325,bundle-000013
326,bundle-000013
327,bundle-000013
328,bundle-000013
329,bundle-000013
330,bundle-000013
331,bundle-000013
332,bundle-000013
333,bundle-000013
334,bundle-000013
335,bundle-000013
336,bundle-000013
337,bundle-000013
338,bundle-000013
339,bundle-000013
340,bundle-000013
341,bundle-000013
342,bundle-000013
343,bundle-000013
344,bundle-000013
345,bundle-000013
346,bundle-000013
347,bundle-000013
348,bundle-000013
349,bundle-000013
350,bundle-000013
351,bundle-000013
352,bundle-000013
353,bundle-000013
354,bundle-000013
355,bundle-000013
356,bundle-000013
357,bundle-000013
358,bundle-000013
359,bundle-000013
360,bundle-000013
361,bundle-000013
362,bundle-000013
363,bundle-000013
364,bundle-000013
365,bundle-000013
366,bundle-000013
367,bundle-000013
368,bundle-000013
369,bundle-000013
370,bundle-000013
371,bundle-000013
372,bundle-000013
373,bundle-000013
374,bundle-000013
375,bundle-000013
376,bundle-000013
377,bundle-000013
378,bundle-000013
379,bundle-000013
380,bundle-000013
381,bundle-000013
382,bundle-000013
383,bundle-000013
384,bundle-000013
385,bundle-000013
386,bundle-000013
387,bundle-000013
388,bundle-000013
389,bundle-000013
390,bundle-000013
391,bundle-000013
392,bundle-000013
393,bundle-000013
394,bundle-000013
395,bundle-000013
396,bundle-000013
397,bundle-000013
398,bundle-000013
399,bundle-000013
400,bundle-000013
401,bundle-000013
402,bundle-000013
403,bundle-000013
404,bundle-000013
405,bundle-000013
406,bundle-000013
407,bundle-000013
408,bundle-000013
409,bundle-000013
410,bundle-000013
411,bundle-000013
412,bundle-000013
413,bundle-000013
414,bundle-000013
417,bundle-000013
418,bundle-000013
419,bundle-000013
420,bundle-000013
1117,bundle-000014
1118,bundle-000014
1119,bundle-000014
1120,bundle-000014
1121,bundle-000014
1122,bundle-000014
855,bundle-000014
856,bundle-000014
857,bundle-000014
858,bundle-000014
859,bundle-000014
860,bundle-000014
861,bundle-000014
862,bundle-000014
863,bundle-000014
864,bundle-000014
865,bundle-000014
1124,bundle-000015
1125,bundle-000015
1126,bundle-000015
1127,bundle-000015
1128,bundle-000015
1129,bundle-000015
1130,bundle-000015
1131,bundle-000015
1132,bundle-000015
1133,bundle-000015
1134,bundle-000015
1135,bundle-000015
1136,bundle-000015
1137,bundle-000015
1138,bundle-000015
1139,bundle-000015
1140,bundle-000015
1141,bundle-000015
1142,bundle-000015
1143,bundle-000015
1144,bundle-000015
1145,bundle-000015
1146,bundle-000015
1147,bundle-000015
1148,bundle-000015
1149,bundle-000015
1150,bundle-000015
1151,bundle-000015
1152,bundle-000015
1153,bundle-000015
1154,bundle-000015
1155,bundle-000015
1156,bundle-000015
1157,bundle-000015
1158,bundle-000015
1159,bundle-000015
1160,bundle-000015
1161,bundle-000015
1162,bundle-000015
1163,bundle-000015
1164,bundle-000015
1165,bundle-000015
1166,bundle-000015
1167,bundle-000015
1168,bundle-000015
1169,bundle-000015
1170,bundle-000015
1171,bundle-000015
1172,bundle-000015
1173,bundle-000015
1174,bundle-000015
1175,bundle-000015
1176,bundle-000015
1177,bundle-000015
1178,bundle-000015
1179,bundle-000015
1180,bundle-000015
1181,bundle-000015
1182,bundle-000015
1183,bundle-000015
1184,bundle-000015
1185,bundle-000015
1186,bundle-000015
1187,bundle-000015
1188,bundle-000015
1189,bundle-000015
1190,bundle-000015
1191,bundle-000015
1192,bundle-000015
1193,bundle-000015
1194,bundle-000015
1195,bundle-000015
1196,bundle-000015
1197,bundle-000015
1198,bundle-000015
1199,bundle-000015
1200,bundle-000015
1201,bundle-000015
1202,bundle-000015
1203,bundle-000015
1204,bundle-000015
1205,bundle-000015
1206,bundle-000015
1207,bundle-000015
1208,bundle-000015
1209,bundle-000015
1210,bundle-000015
1211,bundle-000015
1212,bundle-000015
1213,bundle-000015
1214,bundle-000015
1298,bundle-000015
1299,bundle-000015
1300,bundle-000015
1301,bundle-000015
1302,bundle-000015
1303,bundle-000015
1304,bundle-000015
1305,bundle-000015
1306,bundle-000015
1307,bundle-000015
1308,bundle-000015
1309,bundle-000015
1310,bundle-000015
1311,bundle-000015
1312,bundle-000015
1313,bundle-000015
1314,bundle-000015
1774,bundle-000015
1775,bundle-000015
1787,bundle-000015
1788,bundle-000015
1789,bundle-000015
1790,bundle-000015
1791,bundle-000015
1792,bundle-000015
1793,bundle-000015
1794,bundle-000015
1795,bundle-000015
1796,bundle-000015
1797,bundle-000015
1798,bundle-000015
1799,bundle-000015
1800,bundle-000015
1801,bundle-000015
1802,bundle-000015
1803,bundle-000015
1804,bundle-000015
1805,bundle-000015
1806,bundle-000015
1807,bundle-000015
1808,bundle-000015
12,bundle-000016
13,bundle-000016
14,bundle-000016
1215,bundle-000017
1216,bundle-000017
1217,bundle-000017
1218,bundle-000017
1219,bundle-000017
1220,bundle-000017
1221,bundle-000017
1222,bundle-000017
1223,bundle-000017
1224,bundle-000017
1225,bundle-000018
1226,bundle-000018
1227,bundle-000018
1228,bundle-000018
1229,bundle-000018
1230,bundle-000018
1231,bundle-000018
1232,bundle-000018
1233,bundle-000018
1234,bundle-000018
1235,bundle-000019
1236,bundle-000019
1237,bundle-000019
1238,bundle-000019
1239,bundle-000019
1240,bundle-000019
1241,bundle-000019
1242,bundle-000019
1243,bundle-000019
1244,bundle-000019
1245,bundle-000019
1246,bundle-000019
1247,bundle-000019
1248,bundle-000019
1249,bundle-000019
1250,bundle-000019
1251,bundle-000019
1252,bundle-000019
1253,bundle-000019
1254,bundle-000020
1255,bundle-000020
1256,bundle-000021
1257,bundle-000021
1258,bundle-000021
1261,bundle-000022
1262,bundle-000022
1263,bundle-000022
1264,bundle-000022
1265,bundle-000022
1266,bundle-000022
1267,bundle-000022
1268,bundle-000022
1269,bundle-000022
1270,bundle-000022
1271,bundle-000022
1272,bundle-000022
1273,bundle-000022
1274,bundle-000022
1275,bundle-000022
1276,bundle-000022
1277,bundle-000022
1279,bundle-000023
1280,bundle-000023
1281,bundle-000023
1282,bundle-000023
1283,bundle-000023
1284,bundle-000023
1285,bundle-000023
1286,bundle-000023
1287,bundle-000023
1288,bundle-000024
1289,bundle-000024
1290,bundle-000024
1291,bundle-000024
1292,bundle-000024
1293,bundle-000024
1294,bundle-000024
1295,bundle-000024
1296,bundle-000025
1297,bundle-000025
1315,bundle-000026
1316,bundle-000026
1317,bundle-000026
1318,bundle-000026
1319,bundle-000026
1320,bundle-000026
1321,bundle-000026
1322,bundle-000026
1323,bundle-000026
1324,bundle-000026
1325,bundle-000026
1326,bundle-000026
1328,bundle-000026
1329,bundle-000026
1330,bundle-000026
1331,bundle-000027
1332,bundle-000027
1333,bundle-000027
1334,bundle-000027
1335,bundle-000027
1336,bundle-000027
1337,bundle-000027
1338,bundle-000027
1339,bundle-000027
1340,bundle-000028
1341,bundle-000028
1342,bundle-000028
1343,bundle-000028
1344,bundle-000028
1345,bundle-000028
1346,bundle-000028
1348,bundle-000029
1349,bundle-000029
1350,bundle-000030
1351,bundle-000030
1352,bundle-000030
1353,bundle-000030
1354,bundle-000031
1355,bundle-000031
1356,bundle-000031
1357,bundle-000031
1358,bundle-000031
1359,bundle-000031
1360,bundle-000032
1361,bundle-000032
1362,bundle-000032
1363,bundle-000032
1364,bundle-000033
1365,bundle-000033
1416,bundle-000034
1417,bundle-000034
1418,bundle-000035
1419,bundle-000035
1420,bundle-000035
1421,bundle-000035
1422,bundle-000035
1423,bundle-000035
1424,bundle-000036
1425,bundle-000036
1426,bundle-000036
1427,bundle-000036
1428,bundle-000036
1429,bundle-000036
1430,bundle-000036
1431,bundle-000036
1432,bundle-000036
1433,bundle-000036
1435,bundle-000037
1436,bundle-000037
1437,bundle-000037
1438,bundle-000037
1439,bundle-000037
1440,bundle-000037
1441,bundle-000037
1442,bundle-000037
1443,bundle-000037
1444,bundle-000037
1445,bundle-000038
1446,bundle-000038
1447,bundle-000038
1448,bundle-000038
1449,bundle-000038
1450,bundle-000038
1451,bundle-000038
1452,bundle-000038
1453,bundle-000038
1454,bundle-000038
1455,bundle-000038
1456,bundle-000038
1457,bundle-000038
1458,bundle-000038
1459,bundle-000039
1460,bundle-000039
1461,bundle-000039
1462,bundle-000039
1463,bundle-000039
1464,bundle-000039
1465,bundle-000039
1466,bundle-000039
1467,bundle-000039
1468,bundle-000039
1469,bundle-000040
1470,bundle-000040
1471,bundle-000040
1472,bundle-000040
1473,bundle-000040
1474,bundle-000040
1475,bundle-000040
1476,bundle-000040
1477,bundle-000040
1480,bundle-000041
1481,bundle-000041
1485,bundle-000042
1486,bundle-000042
1487,bundle-000042
1488,bundle-000042
1493,bundle-000043
1494,bundle-000043
1495,bundle-000043
1496,bundle-000043
1589,bundle-000044
1590,bundle-000044
1591,bundle-000044
1592,bundle-000044
1594,bundle-000045
1595,bundle-000045
1596,bundle-000045
1597,bundle-000045
1598,bundle-000045
1599,bundle-000045
1600,bundle-000045
1601,bundle-000045
1602,bundle-000045
1603,bundle-000045
1604,bundle-000045
1605,bundle-000045
1606,bundle-000045
1607,bundle-000045
1608,bundle-000045
1609,bundle-000045
1610,bundle-000045
1611,bundle-000045
1612,bundle-000045
1613,bundle-000045
1614,bundle-000045
16,bundle-000046
17,bundle-000046
18,bundle-000046
1615,bundle-000047
1616,bundle-000047
1617,bundle-000047
1618,bundle-000047
1619,bundle-000047
1620,bundle-000047
1621,bundle-000047
1622,bundle-000047
1623,bundle-000047
1624,bundle-000047
1625,bundle-000047
1626,bundle-000047
1627,bundle-000047
1650,bundle-000047
1663,bundle-000047
1664,bundle-000047
1699,bundle-000047
1700,bundle-000047
1701,bundle-000047
1702,bundle-000047
1703,bundle-000047
1704,bundle-000047
1705,bundle-000047
1706,bundle-000047
1707,bundle-000047
1708,bundle-000047
1709,bundle-000047
1710,bundle-000047
1711,bundle-000047
1712,bundle-000047
1713,bundle-000047
1714,bundle-000047
1715,bundle-000047
1716,bundle-000047
1717,bundle-000047
1718,bundle-000047
1719,bundle-000047
1720,bundle-000047
1721,bundle-000047
1722,bundle-000047
1723,bundle-000047
1724,bundle-000047
1725,bundle-000047
1629,bundle-000048
1630,bundle-000048
1631,bundle-000048
1632,bundle-000048
1633,bundle-000048
1634,bundle-000048
1635,bundle-000048
1636,bundle-000048
1637,bundle-000048
1638,bundle-000048
1639,bundle-000048
1640,bundle-000048
1641,bundle-000048
1642,bundle-000048
1643,bundle-000048
1644,bundle-000048
1645,bundle-000048
1646,bundle-000048
1647,bundle-000048
1648,bundle-000048
1649,bundle-000048
1651,bundle-000048
1652,bundle-000048
1653,bundle-000048
1654,bundle-000048
1655,bundle-000048
1656,bundle-000048
1657,bundle-000048
1658,bundle-000048
1659,bundle-000048
1660,bundle-000048
1661,bundle-000048
1662,bundle-000048
1665,bundle-000048
1666,bundle-000048
1667,bundle-000048
1668,bundle-000048
1669,bundle-000048
1670,bundle-000048
1671,bundle-000048
1672,bundle-000048
1673,bundle-000048
1674,bundle-000048
1675,bundle-000048
1676,bundle-000048
1677,bundle-000048
1678,bundle-000048
1679,bundle-000048
1680,bundle-000048
1681,bundle-000048
1682,bundle-000048
1683,bundle-000048
1684,bundle-000048
1685,bundle-000048
1686,bundle-000048
1687,bundle-000048
1688,bundle-000048
1689,bundle-000049
1690,bundle-000049
1691,bundle-000049
1692,bundle-000049
1693,bundle-000049
1694,bundle-000049
1695,bundle-000049
1696,bundle-000049
1697,bundle-000049
1698,bundle-000049
1726,bundle-000050
1727,bundle-000050
1729,bundle-000051
1730,bundle-000051
1731,bundle-000051
1732,bundle-000051
1733,bundle-000051
1734,bundle-000051
1735,bundle-000051
1736,bundle-000051
1737,bundle-000051
1738,bundle-000051
1739,bundle-000051
1740,bundle-000051
1741,bundle-000051
1742,bundle-000051
1743,bundle-000051
1744,bundle-000051
1745,bundle-000051
1746,bundle-000051
1747,bundle-000051
1748,bundle-000051
1749,bundle-000051
1750,bundle-000051
1751,bundle-000051
1752,bundle-000051
1753,bundle-000051
1754,bundle-000051
1755,bundle-000051
1756,bundle-000051
1757,bundle-000051
1758,bundle-000051
1759,bundle-000051
1760,bundle-000051
1761,bundle-000051
1762,bundle-000051
1763,bundle-000052
1764,bundle-000052
1765,bundle-000052
1766,bundle-000052
1767,bundle-000052
1768,bundle-000052
1769,bundle-000052
1770,bundle-000052
1771,bundle-000052
1772,bundle-000052
1773,bundle-000052
1776,bundle-000052
1777,bundle-000052
1778,bundle-000052
1779,bundle-000052
1780,bundle-000052
1781,bundle-000052
1782,bundle-000052
1783,bundle-000052
1784,bundle-000052
1785,bundle-000052
1786,bundle-000052
1809,bundle-000053
1810,bundle-000053
1811,bundle-000053
1812,bundle-000053
1813,bundle-000053
1814,bundle-000053
1815,bundle-000053
1816,bundle-000053
1817,bundle-000053
1818,bundle-000053
1819,bundle-000053
1820,bundle-000053
1821,bundle-000053
1822,bundle-000053
1823,bundle-000053
1824,bundle-000053
1825,bundle-000053
1826,bundle-000053
1827,bundle-000053
1828,bundle-000053
1829,bundle-000053
1830,bundle-000053
1831,bundle-000053
1832,bundle-000053
1833,bundle-000053
1834,bundle-000053
1835,bundle-000053
1836,bundle-000053
1837,bundle-000053
1838,bundle-000054
1839,bundle-000054
1840,bundle-000054
1841,bundle-000054
1842,bundle-000054
1843,bundle-000054
1844,bundle-000054
1845,bundle-000054
1846,bundle-000054
1847,bundle-000054
1848,bundle-000054
1849,bundle-000054
1850,bundle-000054
1851,bundle-000054
1852,bundle-000054
1855,bundle-000054
1856,bundle-000054
1857,bundle-000054
1858,bundle-000054
1859,bundle-000054
1860,bundle-000054
1861,bundle-000054
1862,bundle-000055
1863,bundle-000055
1864,bundle-000055
1865,bundle-000055
1867,bundle-000056
1868,bundle-000056
1869,bundle-000057
1870,bundle-000057
1871,bundle-000057
1872,bundle-000057
1873,bundle-000057
1874,bundle-000057
1875,bundle-000057
1876,bundle-000058
1877,bundle-000058
1878,bundle-000058
1879,bundle-000058
19,bundle-000059
23,bundle-000059
20,bundle-000060
21,bundle-000060
22,bundle-000060
27,bundle-000061
28,bundle-000061
29,bundle-000061
30,bundle-000062
31,bundle-000062
32,bundle-000063
33,bundle-000063
34,bundle-000063
35,bundle-000063
39,bundle-000064
40,bundle-000064
41,bundle-000064
42,bundle-000064
43,bundle-000064
44,bundle-000064
45,bundle-000064
458,bundle-000064
459,bundle-000064
46,bundle-000064
460,bundle-000064
461,bundle-000064
462,bundle-000064
463,bundle-000064
464,bundle-000064
465,bundle-000064
466,bundle-000064
415,bundle-000065
416,bundle-000065
423,bundle-000066
424,bundle-000066
425,bundle-000066
426,bundle-000067
427,bundle-000067
49,bundle-000067
50,bundle-000067
51,bundle-000067
52,bundle-000067
53,bundle-000067
432,bundle-000068
433,bundle-000068
434,bundle-000069
435,bundle-000069
436,bundle-000069
437,bundle-000069
438,bundle-000069
439,bundle-000069
440,bundle-000069
441,bundle-000069
442,bundle-000069
443,bundle-000069
444,bundle-000069
445,bundle-000069
446,bundle-000069
447,bundle-000069
448,bundle-000069
449,bundle-000069
451,bundle-000070
452,bundle-000070
453,bundle-000071
454,bundle-000071
456,bundle-000072
457,bundle-000072
467,bundle-000073
468,bundle-000073
47,bundle-000074
48,bundle-000074
471,bundle-000075
472,bundle-000075
473,bundle-000075
474,bundle-000075
475,bundle-000075
476,bundle-000075
477,bundle-000075
478,bundle-000075
480,bundle-000076
481,bundle-000076
482,bundle-000076
483,bundle-000076
484,bundle-000076
485,bundle-000076
486,bundle-000076
487,bundle-000076
488,bundle-000076
489,bundle-000076
490,bundle-000076
491,bundle-000076
492,bundle-000076
493,bundle-000076
494,bundle-000076
495,bundle-000076
496,bundle-000076
497,bundle-000076
498,bundle-000076
499,bundle-000076
500,bundle-000076
501,bundle-000076
502,bundle-000076
503,bundle-000076
504,bundle-000076
505,bundle-000076
506,bundle-000076
507,bundle-000076
508,bundle-000076
509,bundle-000076
510,bundle-000076
511,bundle-000076
512,bundle-000076
513,bundle-000076
514,bundle-000076
515,bundle-000076
516,bundle-000076
517,bundle-000076
518,bundle-000076
519,bundle-000076
522,bundle-000077
523,bundle-000077
524,bundle-000077
525,bundle-000077
526,bundle-000077
527,bundle-000077
54,bundle-000078
55,bundle-000078
56,bundle-000078
57,bundle-000078
58,bundle-000078
59,bundle-000078
60,bundle-000078
61,bundle-000078
62,bundle-000078
63,bundle-000078
64,bundle-000078
65,bundle-000078
66,bundle-000078
67,bundle-000079
68,bundle-000079
69,bundle-000079
70,bundle-000079
71,bundle-000079
72,bundle-000079
73,bundle-000079
74,bundle-000079
75,bundle-000079
76,bundle-000079
77,bundle-000079
78,bundle-000079
79,bundle-000079
80,bundle-000079
81,bundle-000079
82,bundle-000079
83,bundle-000079
84,bundle-000079
85,bundle-000079
86,bundle-000079
87,bundle-000079
88,bundle-000079
89,bundle-000079
90,bundle-000079
91,bundle-000079
92,bundle-000079
93,bundle-000079
94,bundle-000079
95,bundle-000079
96,bundle-000079
97,bundle-000079
98,bundle-000079
99,bundle-000079
702,bundle-000080
703,bundle-000080
705,bundle-000081
706,bundle-000081
707,bundle-000081
708,bundle-000081
709,bundle-000081
711,bundle-000082
712,bundle-000082
713,bundle-000082
714,bundle-000082
715,bundle-000083
716,bundle-000083
717,bundle-000083
718,bundle-000083
719,bundle-000083
720,bundle-000083
721,bundle-000083
723,bundle-000084
724,bundle-000084
725,bundle-000084
726,bundle-000084
727,bundle-000084
728,bundle-000084
729,bundle-000085
730,bundle-000085
731,bundle-000086
732,bundle-000086
774,bundle-000087
775,bundle-000087
787,bundle-000088
788,bundle-000088
789,bundle-000088
790,bundle-000089
791,bundle-000089
792,bundle-000089
793,bundle-000089
869,bundle-000090
870,bundle-000090
871,bundle-000090
872,bundle-000090
873,bundle-000090
874,bundle-000090
875,bundle-000090
876,bundle-000090
877,bundle-000090
878,bundle-000090
879,bundle-000090
993,bundle-000091
994,bundle-000091
103,bundle-000092
100,bundle-000093
101,bundle-000094
455,bundle-000095
1347,bundle-000096
428,bundle-000097
1490,bundle-000098
1491,bundle-000099
1492,bundle-000100
1123,bundle-000101
430,bundle-000102
431,bundle-000103
1483,bundle-000104
1482,bundle-000105
1484,bundle-000106
10,bundle-000107
15,bundle-000108
786,bundle-000109
780,bundle-000110
1728,bundle-000111
1854,bundle-000112
1593,bundle-000113
450,bundle-000114
1278,bundle-000115
710,bundle-000116
1478,bundle-000117
1479,bundle-000118
24,bundle-000119
25,bundle-000120
26,bundle-000121
868,bundle-000122
867,bundle-000123
866,bundle-000124
421,bundle-000125
528,bundle-000126
529,bundle-000127
1866,bundle-000128
9,bundle-000129
422,bundle-000130
1414,bundle-000131
1327,bundle-000132
1259,bundle-000133
470,bundle-000134
38,bundle-000135
37,bundle-000136
36,bundle-000137
704,bundle-000138
1434,bundle-000139
1260,bundle-000140
520,bundle-000141
722,bundle-000142
733,bundle-000143
735,bundle-000144
469,bundle-000145
1366,bundle-000146
794,bundle-000147
479,bundle-000148
